"eigenvalues","prop_EV","cum_prop_EV"
"1",15.3749769363896,0.0512998949206843,0.0512998949206843
"2",13.8146409313342,0.041415864596722,0.0927157595174063
"3",13.1059361181417,0.0372755124854194,0.129991272002826
"4",11.2526907641619,0.027478960380611,0.157470232383437
"5",10.5108040362507,0.0239750437257951,0.181445276109232
"6",10.2639821487911,0.0228622676976351,0.204307543806867
"7",10.1508620520808,0.0223611111979977,0.226668655004865
"8",9.93118497790911,0.021403740248578,0.248072395253443
"9",8.8694714178256,0.017071945145752,0.265144340399195
"10",8.70073483933386,0.016428556151128,0.281572896550323
