"eigenvalues","prop_EV","cum_prop_EV"
"1",51.1290605189868,0.567313548080342,0.567313548080342
"2",30.4231854214416,0.200861590969492,0.768175139049834
"3",21.3917657576899,0.099307214026014,0.867482353075848
"4",10.8976592123487,0.0257723472891686,0.893254700365017
"5",7.40994135523269,0.0119156317031223,0.905170332068139
"6",6.30870101305013,0.00863708951216575,0.913807421580305
"7",5.69009879646828,0.00702630735971566,0.92083372894002
"8",5.1764587837039,0.00581504460490131,0.926648773544922
"9",3.99562188251637,0.00346462548351641,0.930113399028438
"10",3.59373355451679,0.00280271720070744,0.932916116229146
